字段所属分组/模块	字段名称	字段类型	字段来源	字段说明/描述
日返利筛选	返利统计日期开始	日期	用户选择	与返利统计日期结束共用一个日期区间控件；返利统计日期T对应T日09:00（含）至T+1日09:00（不含）的发货运单
日返利筛选	返利统计日期结束	日期	用户选择	与返利统计日期开始共用一个日期区间控件；包含起止日期当天；原型默认2026-09-01至2026-09-18
日返利筛选	寄件网点	可搜索多选网点引用	用户选择	支持输入寄件网点名称并按名称片段进行包含式模糊搜索；展开后搜索框自动聚焦；支持多选和全选；选中项以可删除标签展示；空值不限制
日返利筛选	目的流向	可搜索多选组织引用	用户选择	支持名称包含式模糊搜索、多选和全选；选中项以可删除标签展示；空值不限制
日返利筛选	产品类型	多选枚举	用户选择	不提供文字搜索；枚举引用政策字段清单；支持多选和全选；空值不限制
日返利筛选	货物类型	多选枚举	用户选择	不提供文字搜索；枚举统一为轻泡、重泡、重货；轻泡对应原轻抛，重泡对应原重抛
日返利筛选	公斤段	多选枚举	用户选择	不提供文字搜索；枚举引用政策字段清单；支持多选和全选；空值不限制
日返利筛选	是否有返利	单选枚举	用户选择	枚举为全部、有返利、无返利；返利金额大于0为有返利，等于0为无返利
日返利筛选	考核周期	单选枚举	用户选择	枚举为全部周期、周、月
日返利筛选	状态	单选枚举	用户选择	枚举为全部状态、待发放、已发放
日返利汇总	待发放数量	整数	系统统计	当前筛选结果中状态为待发放且返利金额大于0的记录数
日返利汇总	预计返利金额	金额	系统汇总	当前筛选结果的日返利金额合计，单位为元，保留两位小数
日返利汇总	累计扣减金额	金额	系统汇总	当前筛选结果发放后自动调整的扣减金额合计，单位为元，保留两位小数
日返利汇总	净返利	金额	系统计算	预计返利金额减累计扣减金额，单位为元，保留两位小数
日返利列表	选择	布尔/复选框	用户选择	用于单条、跨页多选和当前筛选结果全选；已发放或返利为0的记录不可选
日返利列表	返利统计日期	日期	系统计算	统计窗口的起始自然日T；统计T日09:00（含）至T+1日09:00（不含）的发货运单；T+1日16:00后系统计算日返利，人工审核后发放
日返利列表	寄件网点	网点引用	命中政策/运单	返利流向起点网点
日返利列表	目的流向	组织引用	命中政策/运单	按运单最终派件分拨匹配指定分拨或营运区快照
日返利列表	产品类型	枚举	命中政策/运单	该条结果实际命中的原子政策产品类型
日返利列表	货物类型	枚举	命中政策/运单	该条结果实际命中的货物分类
日返利列表	公斤段	枚举	命中政策/运单	该条结果实际命中的结算重量范围
日返利列表	日基准量	数值	命中政策/日期规则	按照节假日、工作日或周日、日默认值优先级得到的当日有效基准量，单位kg，保留两位小数
日返利列表	结算总重	数值	有效运单汇总	即始发有效扫描货量：当前窗口及政策原子维度内，通过始发分拨到件、装车或卸车任一扫描、非同分拨、非800kg以上融速达等准入规则的运单结算重量合计；同一运单不因多条扫描重复累计，单位kg，保留两位小数
日返利列表	差值	数值	系统计算	始发有效扫描货量减日基准量，单位kg，保留正负号和两位小数；正值部分为已达标货量
日返利列表	返利单价	数值	命中政策/日期规则	当日实际采用的有效返利单价，单位元/kg，保留两位小数
日返利列表	返利	金额	系统计算	已达标货量乘返利单价，其中已达标货量=max（始发有效扫描货量－日基准量，0），单位元，保留两位小数
日返利列表	考核周期	枚举	命中政策	枚举为周、月；日返利每天计算，该字段仅标识后续周期考核方式
日返利列表	状态	枚举	系统生成	枚举为待发放、已发放；待发放表示系统已完成日返利计算、等待人工审核发放；返利为0且未发放仍为待发放
日返利列表	发放时间	日期时间	系统记录	首次人工发放成功时间，精确到秒；未发放显示—
日返利列表	最新更新时间	日期时间	系统记录	日结果最近一次计算或重算完成时间，精确到秒
日返利列表	操作	操作组	系统提供	依次展示发放操作、详情、周期返利；发放操作按状态显示发起返利、已发放或无需返利；“发起返利”打开人工审核确认弹框，审核通过后发放
返利发放	选中记录数	整数	系统统计	当前已选择的可发放记录数量；全选和全部返利不受分页限制
返利发放	返利总金额	金额	系统汇总	本次单条、批量或全部返利所含记录的返利金额合计，单位元，保留两位小数
返利发放	发放方式	枚举	用户操作	枚举为单条返利、批量返利、全部返利
返利发放	发放结果	枚举	系统生成	记录本次返利处理结果；具体大批量任务状态待技术设计与业务确认
返利详情汇总	总重量	数值	日返利结果	当前结果的始发有效扫描货量合计，已排除800kg以上融速达、同分拨及未完成始发分拨到件/装车/卸车任一扫描的运单，单位kg
返利详情汇总	基准重量	数值	日返利结果	当前结果采用的日基准量，单位kg
返利详情汇总	返利单价	数值	日返利结果	当前结果采用的有效返利单价，单位元/kg，保留两位小数
返利详情汇总	差值	数值	系统计算	始发有效扫描货量减基准重量，单位kg，保留正负号；正值部分为已达标货量
返利详情汇总	首次发放金额	金额	资金记录	首次人工发放到账金额；未发放显示尚未发放
返利详情汇总	当前应返金额	金额	系统重算	按最新有效数据计算的应返金额
返利详情汇总	累计调整金额	金额	系统汇总	发放后自动补发与扣回金额的累计净额
返利详情汇总	最后变化时间	日期时间	系统记录	最近一次影响返利结果的变化时间，精确到秒
当前运单	运单号	文本	中心运单	参与当前返利结果计算的中心运单号
当前运单	发货时间	日期时间	中心运单	运单实际发货时间；默认倒序排列
当前运单	寄件网点	网点引用	中心运单	必须与当前日返利结果维度一致
当前运单	目的流向	组织引用	中心运单/组织快照	必须与当前日返利结果维度一致
当前运单	产品类型	枚举	中心运单	必须与当前日返利结果维度一致
当前运单	货物类型	枚举	中心运单	必须与当前日返利结果维度一致
当前运单	结算重量	数值	中心运单	通过全部返利准入规则后参与始发有效扫描货量汇总的结算重量，单位kg，保留两位小数
返利资格判断	始发分拨有效扫描标识	布尔	待人工确认（外部扫描系统）	统计窗口内在始发分拨存在到件、装车或卸车任一扫描时为是；装车、卸车均可替代到件，同一运单多条扫描仅判定一次
返利资格判断	始发分拨	组织引用	待人工确认（外部运单/组织系统）	用于与目的分拨比较并识别同分拨寄件
返利资格判断	目的分拨	组织引用	待人工确认（外部运单/组织系统）	用于与始发分拨比较并识别同分拨寄件
返利资格判断	同分拨寄件标识	布尔	系统计算	始发分拨与目的分拨相同时为是；为是的运单不参与返利
返利资格判断	参与返利标识	布尔	系统计算	同时满足始发分拨有效扫描、非同分拨、非800kg以上融速达、政策命中且未删除取消作废时为是
返利资格判断	不参与返利原因	枚举	系统生成	包括缺少始发分拨有效扫描、同分拨寄件、融速达结算重量大于或等于800kg、未命中政策、删除、取消、作废
返利变化	变更时间	日期时间	系统记录	返利结果发生变化的时间，精确到秒
返利变化	变更前重量	数值	历史结果	变化前当前组合的有效结算重量，单位kg
返利变化	变更后重量	数值	重算结果	变化后当前组合的有效结算重量，单位kg
返利变化	重量差额	数值	系统计算	变更后重量减变更前重量；点击后定位对应运单变化
返利变化	变更前返利单价	数值	历史结果	变化前有效返利单价，单位元/kg，保留两位小数
返利变化	变更后返利单价	数值	重算结果	变化后有效返利单价，单位元/kg，保留两位小数
返利变化	变更前金额	金额	历史结果	变化前应返金额，单位元
返利变化	变更后金额	金额	重算结果	变化后应返金额，单位元
返利变化	差额	金额	系统计算	变更后金额减变更前金额，单位元；仅展示，不提供跳转
运单变化	运单号	文本	中心运单	发生变化的运单号
运单变化	变更时间	日期时间	系统记录	运单变化被系统接收的时间，精确到秒
运单变化	变更类型	枚举	运单变更事件	包括改单、删单、取消、作废、产品类型变化、货物类型变化、公斤段变化、目的流向变化、结算重量变化
运单变化	变更前归属	组合文本	历史快照	变更前产品类型、货物类型、公斤段和目的流向组合
运单变化	变更后归属	组合文本	最新运单	变更后产品类型、货物类型、公斤段和目的流向组合
运单变化	变更前结算重量	数值	历史快照	变更前结算重量，单位kg
运单变化	变更后结算重量	数值	最新运单	变更后结算重量，单位kg
运单变化	重量差额	数值	系统计算	变更后结算重量减变更前结算重量，单位kg
运单变化	返利调整	金额	系统计算	该运单变化对当前返利组合产生的金额变化
周期日历	日期	日期	系统生成	当前周周期或月周期内的自然日期
周期日历	统计状态	枚举	系统生成	枚举为超基准、差基准、待统计
周期日历	实际重量	数值	日返利结果	当天有效结算重量，单位kg
周期日历	基准重量	数值	日返利结果	当天有效基准量，单位kg
周期日历	重量差额	数值	系统计算	当天实际重量减基准重量，单位kg
周期日历	当日返利金额	金额	日返利结果	当天系统计算的日返利金额，单位元
周期返利筛选	返利周期	日期区间	用户选择	一个时间段选择控件，按周期覆盖日期范围筛选；周期开始日期和结束日期均包含在筛选范围内，周期范围与筛选范围有重叠即命中
周期返利筛选	寄件网点	多选网点引用	用户选择	多选限定周期结果的寄件网点；支持输入文字搜索，搜索方式沿用日返利
周期返利筛选	目的流向	多选组织引用	用户选择	多选限定周期结果的目的流向；支持输入文字搜索，搜索方式沿用日返利
周期返利筛选	产品类型	多选枚举	用户选择	多选限定周期结果的产品类型；不提供文字搜索
周期返利筛选	货物类型	多选枚举	用户选择	多选限定周期结果的货物类型；不提供文字搜索
周期返利筛选	公斤段	多选枚举	用户选择	多选限定周期结果的公斤段；不提供文字搜索
周期返利筛选	考核周期	单选枚举	用户选择	枚举为全部周期、周、月
周期返利筛选	是否有返利	单选枚举	用户选择	是：总返利大于0；否：总返利等于0
周期返利列表	返利周期	日期区间	命中政策	页面显示名称；值仍取当前周期结果命中政策的生效开始日期至生效结束日期，不改变来源和业务口径
周期返利列表	寄件网点	网点引用	命中政策/日返利结果	周期汇总维度之一
周期返利列表	目的流向	组织引用	命中政策/日返利结果	周期汇总维度之一
周期返利列表	产品类型	枚举	命中政策/日返利结果	周期汇总维度之一
周期返利列表	货物类型	枚举	命中政策/日返利结果	周期汇总维度之一
周期返利列表	公斤段	枚举	命中政策/日返利结果	周期汇总维度之一
周期返利列表	考核周期	枚举	命中政策	枚举为周、月
周期返利列表	总返利	金额	系统计算	max（初始返利减总扣罚，0），单位元；列表中紧跟考核周期展示
周期返利列表	周期基准量	数值	系统汇总	周期内全部生效日的每日有效基准量合计，单位kg
周期返利列表	周期结算总重	数值	系统汇总	周期内全部生效日的日结算总重合计，单位kg
周期返利列表	差值	数值	系统计算	周期结算总重减周期基准量，单位kg，保留正负号
周期返利列表	周期最高返利单价	数值	系统计算	周期内所有生效日期有效返利单价的最大值，单位元/kg，保留两位小数
周期返利列表	初始返利	金额	系统汇总	周期内系统计算出的全部日返利金额合计，单位元
周期返利列表	总扣罚	金额	系统计算	未达标时min（周期短缺重量乘周期最高返利单价，初始返利），单位元
周期返利列表	操作	操作组	系统提供	仅提供详情；不提供人工返利操作
周期返利详情	周期状态	枚举	系统生成	枚举为周期未结束、达标、未达标；周期结束前不展示结果
周期返利详情	周期结束日期	日期	系统计算	周周期或自然月周期的结束日期
周期返利详情	周期内日返利总额	金额	系统汇总	周期内系统计算的全部日返利金额合计
周期返利详情	应回扣金额	金额	系统计算	周期未达标时计算的应回扣金额
周期返利详情	已回扣金额	金额	资金记录	已从返利可扣额度中实际扣除的金额
周期返利详情	待回扣金额	金额	系统计算	应回扣金额减已回扣金额，等待后续返利到账后续扣
周期返利详情	自动处理时间	日期时间	系统记录	周期最后一个返利统计日的数据窗口结束当天17:00自动计算整个周期扣款及后续自动调整的时间；例如1—7日周期在8日17:00执行
周期返利详情	自动处理动作	枚举	系统生成	包括周期计算、自动回扣、自动续扣、自动退回、取消待回扣
周期返利详情	自动处理金额	金额	系统计算/资金记录	本次自动处理的金额，单位元
周期返利详情	自动处理结果	文本	系统生成	展示已完成、无需回扣、待后续续扣或已退回等结果
周期返利变化	变更时间	日期时间	系统记录	周期结果发生重算的时间，精确到秒
周期返利变化	变更原因	文本	运单变化/政策变化/系统任务	说明触发周期重算的原因，包括运单改单、统计范围变更和政策历史重算
周期返利变化	变更前周期结算总重	数值	系统快照	本次重算前的周期结算总重，单位kg
周期返利变化	变更后周期结算总重	数值	系统计算	本次重算后的周期结算总重，单位kg
周期返利变化	重量差额	数值	系统计算	变更后周期结算总重减变更前周期结算总重，单位kg，保留正负号
周期返利变化	变更前总返利	金额	系统快照	本次重算前的周期总返利，单位元
周期返利变化	变更后总返利	金额	系统计算	本次重算后的周期总返利，单位元
周期返利变化	返利差额	金额	系统计算	变更后总返利减变更前总返利，单位元，保留正负号
周期返利变化	处理状态	枚举	系统生成	展示已重算、处理中、处理失败或已完成
列表分页	总记录数	整数	系统统计	当前页签全部筛选条件命中的记录数
列表分页	每页条数	单选枚举	用户选择	默认20条，可选10、20、50、100条
列表分页	当前页	整数	用户选择/系统计算	展示第N/M页；支持上一页、下一页、折叠页码和输入页码跳转
